driver_id,driver_name,city,license_number,driver_rating,created_datetime,updated_datetime
1,Krystal Garcia,Ryanfort,rO520843,4.8,2024-02-22 11:25:48,2026-07-16 11:25:48
2,Christine Moore,South Miketown,Kh002868,4.22,2024-10-22 18:14:07,2025-08-01 18:14:07
3,Catherine Ingram,Alexton,eF376550,4.68,2022-07-03 13:05:35,2024-04-03 13:05:35
4,Cody Oneill,West Carol,jQ809452,4.87,2022-01-08 14:41:21,2022-05-01 14:41:21
5,Richard Porter,Howardburgh,Em509043,4.53,2025-06-08 23:59:36,2026-12-30 23:59:36
6,Amy Cox,Anneland,Js225963,4.7,2023-08-02 20:10:00,2023-11-19 20:10:00
7,Sean Garcia,Gravesmouth,lr755056,4.92,2024-12-30 20:00:55,2025-05-23 20:00:55
8,Nicholas Graham,Josephville,uf957958,4.06,2024-12-12 07:20:55,2026-07-25 07:20:55
9,Michael Stokes,West Mary,tG468168,4.9,2023-06-15 22:56:29,2024-02-07 22:56:29
10,John Price,Codyhaven,OG655389,4.57,2022-05-17 13:27:06,2022-11-16 13:27:06
11,Michael Levine,Isaacfurt,kE734683,4.16,2023-07-10 01:51:58,2025-01-22 01:51:58
12,Connor Clay,South Jasminetown,zJ621595,4.44,2023-02-26 17:37:59,2025-02-21 17:37:59
13,John Williams PhD,Lake Cindyburgh,eu680451,4.21,2024-01-27 13:30:09,2025-10-15 13:30:09
14,John Murray,Reeveshaven,dU024163,4.49,2024-05-12 01:52:07,2025-11-15 01:52:07
15,Amy Bennett,East Christopherfort,gC816181,4.45,2025-02-16 02:25:15,2025-05-13 02:25:15
16,Erika Harris,East Sandra,WA424118,4.45,2022-08-23 18:57:19,2024-02-29 18:57:19
17,Lindsey Fletcher,Gallegosmouth,pu945860,4.42,2021-09-07 14:38:00,2023-05-07 14:38:00
18,Christopher Schmidt,Danielsmouth,ID369021,4.06,2024-03-12 00:41:52,2025-07-28 00:41:52
19,Bradley Davis,West Miguel,mO276419,4.67,2024-01-08 23:37:53,2024-12-18 23:37:53
20,Laura Rodriguez,Perezmouth,Tn343531,4.72,2024-08-28 04:24:11,2025-11-06 04:24:11
21,Jeremy West DDS,Port Randy,RK887819,4.25,2024-08-14 11:13:31,2024-09-16 11:13:31
22,Jesus Rios,Smithtown,vm007295,4.75,2024-06-19 17:05:09,2026-03-03 17:05:09
23,Matthew Palmer,Joshuaville,yX096606,4.07,2024-05-26 23:17:51,2025-09-01 23:17:51
24,Jacob Reilly,South Heather,oQ149586,4.34,2021-10-17 21:14:52,2022-01-20 21:14:52
25,Alisha Hamilton DDS,Simmonsfort,pk106375,4.54,2021-10-26 05:59:18,2022-01-25 05:59:18
26,Randall Roberts,New Tracey,mm946596,4.93,2021-11-17 23:00:29,2022-02-25 23:00:29
27,Hunter Gray,Jacquelineview,kt272934,4.99,2022-04-13 15:14:17,2023-09-08 15:14:17
28,Ruben Trujillo,East Jill,AN149894,4.03,2025-02-15 02:04:36,2026-05-09 02:04:36
29,Dr. Melissa Davis,Downstown,Tv443342,4.18,2022-10-04 02:27:59,2023-03-21 02:27:59
30,Adrienne Mclean,New Amberton,mq864553,4.77,2022-05-17 14:06:08,2024-07-01 14:06:08
31,James Wong DDS,South Katelynmouth,Vd567944,4.65,2023-01-10 01:01:56,2024-04-14 01:01:56
32,Matthew Matthews,Solisstad,EU709206,4.37,2023-05-08 23:06:06,2024-07-02 23:06:06
33,Curtis Cannon,Matthewview,qA318828,4.45,2023-05-27 17:01:28,2024-07-16 17:01:28
34,Jennifer Fuller,Clarkfurt,hJ426570,4.38,2022-09-09 23:51:35,2024-09-07 23:51:35
35,Jason Bowen,Lake Tanya,PJ970504,4.96,2024-09-05 13:00:55,2026-04-10 13:00:55
36,Sabrina Lee,East Charles,ig852674,4.13,2025-06-04 09:04:09,2026-06-25 09:04:09
37,Samantha James,New Julian,Cl690232,4.12,2023-06-25 06:07:17,2025-01-25 06:07:17
38,James Townsend,Gregoryfort,Yu422127,4.39,2025-01-27 13:33:20,2025-07-06 13:33:20
39,Erica Sanchez,Andrewhaven,os462258,4.73,2023-02-27 05:29:15,2023-11-12 05:29:15
40,Elizabeth Raymond,South Amyland,lv900869,4.83,2022-04-02 21:39:50,2024-06-14 21:39:50
41,Chad Peters,Kimberlyton,Lj971739,4.02,2022-12-05 14:56:27,2023-11-05 14:56:27
42,Steven Anderson,Davidberg,da010206,4.46,2023-06-10 03:33:08,2025-07-15 03:33:08
43,Zachary Hinton,Aaronhaven,iV373371,4.54,2022-12-10 16:33:13,2024-07-06 16:33:13
44,Karen Rowe,East Tiffanyton,nJ044661,4.38,2021-08-30 20:55:52,2022-05-22 20:55:52
45,Jordan Walker,East Dennis,mh200713,4.25,2022-12-24 05:01:13,2024-01-12 05:01:13
46,Taylor Hayes,Alexastad,kC152881,4.16,2025-06-24 09:11:44,2026-02-02 09:11:44
47,Alexis Brown,Michaeltown,Yg440031,4.94,2023-03-27 03:21:46,2025-05-07 03:21:46
48,Cole Luna,Lake Jeffrey,Ji089026,4.77,2022-08-21 11:53:32,2022-10-22 11:53:32
49,Daniel Medina,Allisontown,RO010459,4.81,2022-10-26 13:16:41,2024-01-28 13:16:41
50,Patrick Wheeler,Port Michael,Qn068593,4.61,2024-07-26 12:49:30,2024-09-10 12:49:30
51,Jacqueline Carlson,North Brooke,Vn004301,4.24,2024-12-22 21:22:35,2025-03-30 21:22:35
52,Brandon Peterson,North Shannon,su339789,4.1,2024-06-17 22:56:45,2024-08-20 22:56:45
53,Paul Wade,South Sean,Ps069902,4.45,2023-10-21 07:12:12,2025-10-08 07:12:12
54,Kara Haynes,West Victoriafurt,he093278,4.7,2021-12-06 13:56:14,2022-02-23 13:56:14
55,Colin Jefferson,Samuelborough,Rx298520,4.24,2024-11-15 07:09:09,2025-01-29 07:09:09
56,Thomas Lewis,East Davidview,Ph282166,4.4,2023-11-29 05:52:11,2024-08-24 05:52:11
57,Melanie Robertson,Port Kathleen,eD394337,4.54,2023-07-03 04:11:45,2025-09-12 04:11:45
58,Rebecca Brooks,Kimberlyfurt,qB480564,4.86,2025-03-28 19:08:20,2025-06-23 19:08:20
59,Eric Guerra,Campbellside,jA104991,4.14,2021-07-23 02:06:09,2022-06-14 02:06:09
60,Danny Mcdowell,North Henry,Cx997255,4.23,2025-02-28 21:31:19,2027-04-18 21:31:19
61,Julia Martinez,Smithshire,Jf935307,4.58,2024-05-21 21:32:54,2026-02-01 21:32:54
62,Monica Woods,New Christopherview,HV071230,4.6,2022-08-26 23:12:07,2024-08-13 23:12:07
63,Derek Greene,New Brian,hd804709,4.82,2022-02-16 10:21:37,2022-11-15 10:21:37
64,Heather Collins,Hoganland,Ds733676,4.3,2022-05-26 06:55:29,2022-11-18 06:55:29
65,Thomas Hill,Willischester,aa096993,4.99,2024-03-16 00:37:34,2025-09-30 00:37:34
66,Debra Bailey,East Natashashire,fa516792,4.22,2021-08-25 00:11:59,2022-07-28 00:11:59
67,Terri Marshall,Sandrastad,qg824749,4.28,2023-02-06 04:26:24,2024-09-28 04:26:24
68,Jennifer Williams,New Debramouth,QY013840,4.95,2023-04-13 01:31:14,2025-06-03 01:31:14
69,Jacqueline Nicholson,Wilsonstad,WN965210,4.91,2023-09-25 16:58:38,2025-07-27 16:58:38
70,Kelly Nelson DDS,Chenland,aD670538,4.68,2025-05-28 14:44:20,2027-01-17 14:44:20
71,Cody Hooper,Gonzaleztown,WB840379,4.5,2025-06-11 10:00:39,2026-06-28 10:00:39
72,Donald Bender,Hodgesside,zo504491,4.94,2023-10-13 22:38:21,2025-09-29 22:38:21
73,Stephanie Ross,Geraldbury,AJ064371,4.38,2022-08-23 15:57:58,2024-03-12 15:57:58
74,John Archer,New Claudialand,ZL434993,4.32,2023-06-17 17:39:11,2024-09-15 17:39:11
75,Tyler Galvan,North Amandahaven,GR934497,4.41,2025-06-13 19:56:09,2026-05-16 19:56:09
76,Michelle Lang,Josephshire,kG589286,4.38,2024-06-14 04:39:46,2026-08-25 04:39:46
77,Mason Goodwin,Millerville,vu387100,4.54,2022-01-09 20:22:37,2022-10-12 20:22:37
78,Barry Martinez,Blanchardfurt,xy460249,4.85,2024-01-02 12:27:29,2024-12-04 12:27:29
79,Mary Nicholson,North Robertstad,JO210219,4.86,2022-05-08 22:11:55,2022-11-01 22:11:55
80,William Sanchez,South Louis,ue473884,4.81,2021-07-23 19:11:00,2021-10-20 19:11:00
81,Stephen Richardson,East Tiffany,IF360461,4.56,2023-06-04 21:40:36,2024-09-02 21:40:36
82,Rebecca Parker,Thomasstad,PC195615,4.56,2021-07-25 11:23:47,2022-01-08 11:23:47
83,John Wilkerson,Kirkton,mp553107,4.39,2024-01-31 03:57:36,2024-11-17 03:57:36
84,Joy Huffman,Port Eugene,Pu685665,4.2,2022-06-02 09:34:44,2024-04-24 09:34:44
85,Mary Hill,West Shawn,TN913403,4.08,2024-02-21 12:20:02,2025-06-25 12:20:02
86,Elizabeth Williams,Millerview,Kw849185,4.85,2023-03-07 05:52:05,2023-07-09 05:52:05
87,John Guzman,Reynoldsstad,nh856793,4.54,2022-11-14 22:04:48,2025-04-11 22:04:48
88,Tammie Le,Wilcoxside,qg709982,4.19,2023-12-27 16:26:08,2024-10-26 16:26:08
89,Kellie Johnson,New Samanthaside,xt046638,4.38,2022-02-20 09:39:00,2023-12-01 09:39:00
90,Stephanie Mason,Sarahberg,Dx212154,4.6,2024-05-18 18:20:41,2024-08-30 18:20:41
91,Erica Davis,West Stephanie,Zh739641,4.19,2023-11-27 06:30:13,2026-02-13 06:30:13
92,Jeffrey Patterson,Marktown,qd437698,4.59,2022-12-13 17:08:43,2024-11-29 17:08:43
93,Melissa Russell,North Danielton,kn258279,4.56,2021-10-22 11:30:01,2023-03-26 11:30:01
94,Ashlee Bonilla,Thomasfort,TY184340,4.21,2023-09-08 23:00:34,2024-09-12 23:00:34
95,Stephanie Salas,Kristenfurt,fm464358,4.3,2021-09-19 16:38:24,2021-11-03 16:38:24
96,Mr. Lee Stanton,East Jared,Cy948545,4.21,2024-05-12 09:30:55,2024-12-22 09:30:55
97,Steven Ruiz,Jeanport,zr805716,4.96,2024-04-24 23:31:58,2024-09-21 23:31:58
98,Laura Gentry,Victoriaborough,tj820205,4.75,2024-05-22 10:45:53,2026-08-02 10:45:53
99,Michael Hart,New Travis,Xk927467,4.48,2024-03-09 22:42:33,2024-12-12 22:42:33
100,Robert Roberts,Port Bradley,Cl704468,4.7,2025-03-30 12:25:40,2027-04-19 12:25:40
101,Mrs. Amy Moore,Willisbury,Kk033717,4.2,2024-02-04 17:42:43,2024-11-05 17:42:43
102,Marcus Floyd,Port Rickeyberg,mJ942478,4.55,2021-10-26 18:41:41,2024-01-28 18:41:41
103,Cindy Smith,Munozland,Qq867157,4.28,2022-03-23 05:42:22,2023-08-12 05:42:22
104,David Parker,West Jamesfort,kN067501,4.53,2025-05-19 15:17:08,2026-06-20 15:17:08
105,Jessica Reynolds,Levytown,Dz832743,4.31,2025-06-18 13:39:40,2026-07-21 13:39:40
106,Sabrina Walker,Fraziermouth,Tz468628,4.51,2024-10-28 00:04:30,2026-04-20 00:04:30
107,Samantha Holland,East Christopher,Gq885222,4.47,2024-06-16 11:14:21,2026-10-16 11:14:21
108,Trevor Wade,North Juanstad,Iz741180,4.98,2023-01-20 18:20:04,2024-06-13 18:20:04
109,Emily Howard,New Stephen,Ou895077,4.76,2021-09-01 23:37:32,2022-08-24 23:37:32
110,Nathan Rodriguez,Sandersburgh,Hn354123,4.91,2023-09-23 02:45:58,2024-11-05 02:45:58
111,Karen Lewis,Gabriellechester,OQ331642,4.31,2022-06-17 22:49:59,2022-09-01 22:49:59
112,David Sanchez,North Stacyberg,Bv904544,4.56,2025-07-11 06:50:57,2026-03-24 06:50:57
113,Brian Sanders,Sheilaborough,Zn674823,4.74,2024-01-09 01:43:37,2024-02-24 01:43:37
114,Brandi Clark,South Melodymouth,Eu631151,4.26,2025-01-29 15:16:30,2026-10-19 15:16:30
115,Frank Martinez,East Matthewbury,jt683957,4.58,2022-09-01 09:18:34,2023-12-02 09:18:34
116,Margaret Aguilar,East Reginald,PM226848,4.3,2025-02-05 20:32:19,2025-09-23 20:32:19
117,Jennifer Cordova,Angelastad,Fn158443,4.33,2022-10-13 21:37:25,2023-12-05 21:37:25
118,Peter Baker,Greenshire,fs214748,4.57,2022-06-12 21:15:11,2023-03-20 21:15:11
119,John Hodges,Martinburgh,te328047,4.5,2023-08-26 02:58:50,2025-07-26 02:58:50
120,Sierra Hernandez,New Andreatown,ZB838629,4.94,2021-09-22 13:47:00,2022-10-02 13:47:00
121,Laura Kim,Lake Peterhaven,jU426419,4.26,2022-02-28 06:18:15,2024-07-18 06:18:15
122,Alexis Anderson,New Monicastad,mL049608,4.49,2024-01-30 09:57:03,2026-03-10 09:57:03
123,Michael Bowman,West Patrickfort,Qp405948,4.64,2024-11-01 05:34:49,2026-04-17 05:34:49
124,Charles Ballard,Lake Timothybury,PG382883,4.46,2023-12-05 18:35:20,2026-01-23 18:35:20
125,Cory Banks,Christophershire,Fg103643,4.79,2023-02-19 01:47:34,2023-09-10 01:47:34
126,Michael Mckenzie,Williamville,WI465387,4.14,2022-01-10 10:06:11,2023-08-22 10:06:11
127,Luis Mccoy DDS,South Bobby,aF626593,4.49,2024-07-20 23:58:20,2026-02-25 23:58:20
128,Robin Williams,West William,rq939634,4.99,2021-09-23 17:46:08,2021-12-22 17:46:08
129,Amy Thompson,Patriciamouth,yk004131,4.52,2024-05-08 21:50:41,2026-10-14 21:50:41
130,Todd Mosley,Haydenstad,nw156892,4.85,2022-06-06 14:20:30,2024-10-20 14:20:30
131,Kimberly Combs,Jamiestad,Cx133185,4.67,2023-04-04 10:06:54,2025-06-24 10:06:54
132,Margaret Carpenter,Williamtown,EW304630,4.01,2022-11-16 21:30:10,2023-05-05 21:30:10
133,Brittany Woodward,Youngfurt,qi265040,4.84,2022-06-12 01:03:24,2023-03-05 01:03:24
134,James Lutz,Donnahaven,Vs505956,4.07,2023-01-07 15:45:43,2023-07-10 15:45:43
135,Dan Brown,Millschester,Re073876,4.01,2024-11-13 06:14:44,2026-05-14 06:14:44
136,Elizabeth Hansen,Port John,vQ841215,4.46,2024-07-07 16:15:18,2024-10-06 16:15:18
137,Jeffrey Ortiz,Lydiaside,FU304384,4.62,2023-10-27 05:24:18,2025-10-08 05:24:18
138,Adam Roach,Sandovalshire,pD168168,4.93,2024-10-20 12:08:25,2026-03-28 12:08:25
139,Monica Johnson,Port Jaredview,eg211920,4.66,2023-05-05 02:18:11,2023-06-20 02:18:11
140,Jeremy Miller,Ortiztown,Vf682440,4.01,2022-04-20 16:23:31,2023-12-05 16:23:31
141,Jodi Obrien,Larsonville,xV549494,4.41,2022-01-16 00:29:12,2022-03-04 00:29:12
142,Ryan Weaver,East Benjamin,pD937429,4.53,2023-05-25 15:24:04,2024-03-31 15:24:04
143,James Rice,Leeland,oA707019,4.54,2024-02-11 05:43:47,2024-12-30 05:43:47
144,Ethan Buchanan,Smithberg,Ni398520,4.02,2025-04-14 16:40:36,2027-08-24 16:40:36
145,Kelly Andersen,West Laurieshire,WW529878,4.7,2021-10-05 11:43:26,2023-01-18 11:43:26
146,William Wilson,East Kylechester,ki150541,4.81,2023-06-26 20:32:09,2024-01-25 20:32:09
147,Tammy Salas,Turnerview,nL539515,4.11,2022-08-20 04:32:46,2022-12-26 04:32:46
148,Amanda Brady,New Sarastad,HT824422,4.52,2023-12-18 22:57:50,2024-09-19 22:57:50
149,Sandra Manning,Anitahaven,UL563415,4.19,2023-11-24 00:54:09,2025-06-15 00:54:09
150,Kimberly Sutton,Scottchester,yY122098,4.25,2022-10-14 17:11:05,2023-11-10 17:11:05
151,Robert Fisher,Pughside,bN839805,4.27,2023-03-10 04:06:08,2024-05-19 04:06:08
152,Jodi Lin,Port Nicole,ky551799,4.08,2021-09-17 04:16:04,2022-12-06 04:16:04
153,Kathy Jones,Patrickfurt,mU141540,4.46,2022-11-29 17:03:39,2023-09-04 17:03:39
154,Adam Craig,West Rachelfurt,ox298842,4.99,2022-03-13 14:51:48,2022-11-29 14:51:48
155,Brandon Johns MD,Stewartborough,sp160736,4.3,2022-02-17 04:45:58,2024-07-13 04:45:58
156,Reginald Perez,New Tonystad,rt328743,4.85,2024-11-04 04:30:43,2026-10-04 04:30:43
157,Paul Martinez,New Kimberly,Vj063078,4.99,2022-02-23 17:33:42,2024-01-19 17:33:42
158,Terri Smith,Perryland,zf603621,4.76,2024-02-17 05:43:36,2024-06-21 05:43:36
159,Donald White,North Vanessamouth,mB796580,4.41,2025-05-16 01:03:50,2026-07-06 01:03:50
160,Gloria Richardson,East Isabelburgh,nN709749,4.55,2021-08-28 08:32:47,2021-11-23 08:32:47
161,Matthew Warren,Mathisborough,Jf128003,4.64,2022-07-18 09:51:33,2024-08-05 09:51:33
162,Hayden Armstrong,North Dawn,st337393,4.17,2024-11-10 05:47:16,2026-05-05 05:47:16
163,Lisa Edwards,Nelsonville,Kx994381,4.85,2024-12-15 02:08:58,2026-11-05 02:08:58
164,Levi Collins,Port Lisa,YG790010,4.78,2023-06-04 00:20:22,2025-02-02 00:20:22
165,Stephanie Reed,Christophermouth,Bz349797,4.98,2024-03-22 15:58:31,2024-07-27 15:58:31
166,Bryan Butler,South Rachelstad,MY111415,4.89,2023-12-26 04:04:25,2024-03-08 04:04:25
167,Jacob Raymond,West Courtneyland,pk486299,4.23,2023-03-24 06:18:01,2025-03-31 06:18:01
168,Dana Nelson,Davieshaven,dK776005,4.89,2022-07-28 16:07:31,2023-12-26 16:07:31
169,Raymond Nash,East Kennethhaven,Ou096087,4.27,2024-02-27 20:58:19,2024-06-12 20:58:19
170,Kayla Lee,Reevesburgh,zR258123,4.68,2023-06-18 14:25:39,2024-04-30 14:25:39
171,Brian Macdonald,Jackland,nO509987,4.9,2024-11-28 06:32:41,2026-07-28 06:32:41
172,Anthony Smith,Martinezfort,ZF514107,4.66,2023-08-31 08:00:20,2024-03-31 08:00:20
173,Ralph Smith,Emilyland,YQ776589,4.93,2022-11-26 10:32:55,2023-11-13 10:32:55
174,Sonya Wong MD,Michaelmouth,MY623857,4.02,2024-01-14 15:10:28,2024-09-12 15:10:28
175,Jeffery Brooks,South Lauren,vX236439,4.59,2021-09-05 03:37:35,2023-11-14 03:37:35
176,Jeffrey Villarreal,Rodriguezburgh,KX662141,4.82,2023-06-09 22:38:41,2025-10-26 22:38:41
177,Sheryl Bond,West Veronica,DS444819,4.4,2024-02-23 09:52:23,2024-06-10 09:52:23
178,Pamela Reynolds,Port Philipville,sQ499706,4.3,2023-05-25 11:08:32,2025-01-21 11:08:32
179,Seth Mathews,Sarahchester,zW790198,4.24,2022-02-18 08:07:17,2024-07-21 08:07:17
180,Jeffrey Strickland,Andrewtown,cf503907,4.85,2024-02-22 15:44:02,2026-02-14 15:44:02
181,Helen Thomas,Liberg,oS306202,4.9,2022-01-20 08:53:36,2023-01-24 08:53:36
182,Kathy Adams,New Robert,lR286309,4.38,2024-08-11 12:47:14,2026-10-07 12:47:14
183,Shannon Johnson,Johnsonberg,Wk294221,4.14,2023-03-08 20:53:52,2025-03-12 20:53:52
184,Melissa Caldwell,East Veronicabury,vs492369,4.72,2025-06-07 09:41:07,2026-12-01 09:41:07
185,Victor Perry,Port Amystad,BN996821,4.75,2025-01-10 15:42:08,2026-01-29 15:42:08
186,Kathryn Nielsen,West Isaac,Ey450635,4.05,2022-12-26 08:28:44,2024-04-16 08:28:44
187,Brent Ashley,Melanieland,Td040840,4.23,2023-10-04 01:49:01,2024-01-19 01:49:01
188,Regina Durham,Ortegatown,QI504204,4.34,2021-12-07 18:21:12,2024-03-03 18:21:12
189,Adam Wolfe,Nicholsmouth,GH463932,4.61,2023-11-25 12:37:39,2025-08-25 12:37:39
190,Jennifer Leon,Amyside,hO580729,4.4,2023-01-18 11:44:17,2025-04-19 11:44:17
191,Miss Cindy Johnson,Amberland,Rn893675,4.33,2024-07-30 21:45:58,2026-06-09 21:45:58
192,David Cole,East Nicholasshire,PH376727,4.27,2021-07-25 16:33:23,2022-11-28 16:33:23
193,Rachel Cook,East Terri,lH793824,4.49,2021-10-19 23:10:38,2022-11-17 23:10:38
194,Gabriel Le,Alvarezfurt,oQ882754,4.55,2021-08-12 05:36:25,2022-09-30 05:36:25
195,Jeffrey Hill,Armstronghaven,xZ076568,4.43,2022-06-09 21:53:11,2024-06-04 21:53:11
196,Alexandra Ayers,Port Dylan,Mm104516,4.59,2023-12-09 19:54:45,2025-01-31 19:54:45
197,Stephanie Christian,South Wanda,HX705123,4.09,2024-06-12 15:56:42,2026-04-06 15:56:42
198,Taylor Booker,Benjaminborough,DL982175,4.3,2025-01-05 17:02:24,2025-10-14 17:02:24
199,Alison Davis,Meyerstad,Or185287,4.71,2023-09-23 14:16:42,2024-01-15 14:16:42
200,Stacy Combs,Lake Arthur,Nq494531,4.27,2023-02-08 07:32:46,2024-04-02 07:32:46
201,Ryan Dunn,West Stacie,hl439222,4.71,2022-09-05 11:41:57,2024-07-15 11:41:57
202,Nicholas Peterson,Jenniferborough,ry889803,4.15,2021-10-17 18:02:11,2022-12-19 18:02:11
203,Daniel Hayes,Bradleyfurt,GB126575,4.32,2025-03-01 07:55:12,2025-07-18 07:55:12
204,Madison Wells,Sharonville,eE451895,4.09,2025-04-19 22:44:21,2026-03-30 22:44:21
205,Lisa Leblanc,Lisachester,RQ367806,4.44,2022-11-29 16:57:24,2025-02-15 16:57:24
206,Aaron Jones,Port Margaretstad,SU732034,4.27,2021-12-18 17:11:42,2022-06-01 17:11:42
207,Ryan Winters,South Paulbury,Tt594431,4.09,2023-01-11 13:53:52,2024-04-26 13:53:52
208,Haley Henry,Sarahstad,WT803995,4.45,2022-09-05 04:03:34,2024-04-25 04:03:34
209,Linda Petersen,Yolandafort,jp102227,4.51,2025-02-19 00:28:04,2025-07-04 00:28:04
210,Mary Velez,North Nicole,LI228548,4.03,2024-10-10 00:57:22,2025-11-06 00:57:22
211,Logan Bartlett,New Joannshire,yi902821,4.55,2023-04-05 09:53:01,2025-01-05 09:53:01
212,Michele Ramirez,Anthonytown,zL227193,4.6,2022-01-23 13:28:48,2023-01-20 13:28:48
213,Joseph Montgomery,Andersonton,XK320608,4.86,2023-06-13 22:47:33,2023-07-25 22:47:33
214,Michael Mason,Lake Codyville,Tq734031,4.29,2025-07-02 11:37:47,2026-09-02 11:37:47
215,David Park,East Teresahaven,kF033090,4.78,2024-11-19 06:45:12,2026-12-31 06:45:12
216,Rachel Manning,Priceburgh,Zq072688,4.9,2024-10-11 21:19:56,2025-07-16 21:19:56
217,Christopher Hall,Johnmouth,wv492084,4.57,2022-11-03 03:55:59,2023-05-25 03:55:59
218,Brooke Sanchez,Cummingsstad,it459079,4.69,2021-10-02 04:56:18,2022-04-23 04:56:18
219,Brandy Mcguire,Charlenetown,JD321802,4.14,2023-01-04 15:41:44,2023-12-08 15:41:44
220,Sarah Davidson,East Joshuafurt,Se475022,4.27,2021-12-10 20:05:03,2022-06-07 20:05:03
221,Dean Stephens,North Robert,XP142690,4.06,2025-05-26 22:18:28,2026-09-13 22:18:28
222,Kyle Soto,South Scott,mw760368,4.28,2023-11-18 22:43:54,2024-10-19 22:43:54
223,Christopher Blackwell,West Connieberg,Op790092,4.48,2025-03-10 13:46:48,2025-06-26 13:46:48
224,Karen Price,South Samantha,VY848250,4.36,2024-09-23 02:06:57,2025-07-02 02:06:57
225,Madeline Davis,Port Angelland,Ry671874,4.72,2022-03-21 01:40:09,2023-09-09 01:40:09
226,Susan Cook,New Steven,rc802046,4.59,2022-11-22 14:45:53,2023-07-10 14:45:53
227,Daniel White,West Tamara,KS798867,4.46,2023-08-27 01:29:39,2024-02-11 01:29:39
228,Dr. Jessica Burke,Lake Jennifer,zz876556,4.3,2024-04-05 13:21:19,2025-06-14 13:21:19
229,Sergio Smith,East Lindamouth,ZX516413,4.33,2025-01-05 19:00:09,2026-11-01 19:00:09
230,Taylor Wilson,Michaelchester,XC140346,4.38,2021-11-13 06:08:22,2022-11-15 06:08:22
231,Debbie Wheeler,Ryanmouth,Sw554402,4.44,2023-09-26 06:11:57,2025-01-08 06:11:57
232,Christine Beasley,North Williamville,tb431075,4.82,2022-08-21 04:56:09,2024-07-17 04:56:09
233,Sarah Johnson,East James,eF335437,4.97,2025-03-08 09:45:13,2025-08-24 09:45:13
234,Joy Guzman,Alvarezport,RQ859464,4.3,2024-09-02 02:26:52,2026-06-11 02:26:52
235,Brandi Brooks,Jonesstad,CA580123,4.95,2025-02-12 05:50:30,2025-10-05 05:50:30
236,Christopher Whitaker,North John,dh557787,4.48,2021-12-13 18:20:15,2022-07-12 18:20:15
237,Christopher Sanchez,Port Ashleystad,wJ790246,4.96,2022-09-19 09:12:46,2023-09-10 09:12:46
238,Kayla Li,Oscarview,Lo248060,4.29,2022-07-24 10:16:06,2024-08-03 10:16:06
239,Charlotte Porter,Lake Michael,ai792742,4.63,2022-10-31 09:16:51,2024-07-11 09:16:51
240,Emily Moreno,Port Robertborough,rW740734,4.78,2022-01-11 08:06:39,2023-01-09 08:06:39
241,Miranda Oconnor MD,New Josephtown,fO920736,4.38,2024-03-27 08:45:42,2026-08-10 08:45:42
242,Jennifer Sanchez,South Chelsea,IH099756,4.79,2024-01-11 07:32:45,2025-02-17 07:32:45
243,Christine Caldwell,Evansfort,GK490609,4.11,2023-08-15 02:57:05,2025-04-13 02:57:05
244,Steven Irwin,New Karinashire,Xf359640,4.2,2022-01-18 02:11:38,2023-08-29 02:11:38
245,Anita Estes,North Amychester,xH223165,4.18,2024-08-16 14:09:40,2026-11-10 14:09:40
246,Christopher George,Amymouth,MM585365,4.55,2023-12-24 19:03:29,2026-02-05 19:03:29
247,Jonathan Giles,North Joehaven,Fj995422,4.46,2025-02-09 14:12:36,2027-03-06 14:12:36
248,Kimberly Waller,Jenniferville,aN294579,4.21,2022-12-23 01:07:44,2025-04-17 01:07:44
249,Marie Peterson,Andreville,Kw241233,4.29,2022-12-07 00:44:20,2024-12-15 00:44:20
250,Patricia Flynn,Marshallport,vF439707,4.07,2022-07-20 08:05:15,2025-01-03 08:05:15
